id,shortquery,fullquery,appsname,querykind,is_urgent,source,asktime,resolvetime,status,resansways,resansfact,coment
1,Гаснет монитор (черный цвет экрана),"У меня в процессе работы гаснет экран монитора, то есть становится черным
при этом нет никаких признаков перегрева - вентилятор в этот момент вообще не работает
у меня AMD RODEON Graphics интегрированная была 512 MB  я расширила до 1ГБ, есть еще возможность увеличить до 16, 
RAM у моего компа 32 ГБ
процессор - AMD Ryzen 7 4800U with Radeon Graphics          (1.80 GHz)
Windows 11 Pro 64-bit
HDD - 1.34 TB",common_core,query,0,Компьютер (мой),2025-12-27,,in_progress,"Черный экран в процессе работы компьютера может возникать по нескольким причинам. Давайте рассмотрим наиболее вероятные и начнём устранять проблему пошагово.

Причины черного экрана и диагностика:

Проблемы с драйверами графического адаптера:

Возможно, установленные драйвера устарели или повреждены.
Попробуйте обновить драйвер видеокарты через диспетчер устройств Windows или посетив официальный сайт производителя (AMD).


Неправильные настройки энергосбережения:

Иногда Windows устанавливает агрессивные схемы питания, выключающие монитор раньше положенного срока.
Зайдите в Панель управления → Электропитание и убедитесь, что настройка отключения дисплея выставлена на длительное время или вовсе отключена.


Конфликт оборудования:

Черный экран может возникать из-за аппаратных сбоев, таких как неисправная оперативная память или неполадки жесткого диска.
Запустите проверку памяти RAM через утилиту Memtest86+, а HDD — с помощью встроенных инструментов диагностики (chkdsk /f C:).


Перегрев или нестабильность работы CPU/GPU:

Несмотря на отсутствие шума вентиляторов, перегрев может проявляться иначе.
Установите программы мониторинга температуры (например, HWMonitor или SpeedFan) и проверьте температуру ЦП и GPU при максимальной нагрузке.


Повреждение программного обеспечения:

Поврежденные системные файлы или некорректные обновления Windows могут вызывать черный экран.
Выполните команду проверки целостности системных файлов: откройте командную строку с правами администратора и выполните команды:sfc /scannow
dism.exe /Online /Cleanup-image /Restorehealth


Вирусы или вредоносное ПО:

Некоторые вирусы способны выводить компьютер из строя таким способом.
Полностью сканируйте систему качественным антивирусом (например, Malwarebytes Anti-Malware или Kaspersky Internet Security).

Рекомендованная последовательность шагов:

Обновите драйверы видеокарты AMD.
Отключите автоматическое отключение дисплея в настройках электропитания.
Сделайте полную проверку памяти и жёсткого диска.
Мониторьте температуру компонентов под нагрузкой.
Выполните восстановление системных файлов.
Запустите полное сканирование на вирусы.

Если после этих мер проблема сохраняется, возможно, стоит задуматься о дополнительном охлаждении ноутбука или диагностике железа профессионалами.

Также напомню, что увеличение выделенной памяти для графики вряд ли улучшит ситуацию, так как это виртуальное выделение памяти и влияет лишь на объём доступной оперативной памяти для графических нужд, а не на аппаратные способности видеокарты.

Температура центрального процессора (CPU) около 90°C — это высокий показатель, хотя для некоторых моделей AMD Ryzen такое кратковременно допустимо при высоких нагрузках. Однако регулярное повышение температуры выше 80°C свидетельствует о проблемах с системой охлаждения или тепловыделением.

Возможные причины повышенной температуры:

1. Некачественное охлаждение:

   - Термопаста между процессором и кулером высохла или нанесена неравномерно.
   - Радиатор забит пылью, ухудшается теплообмен.

2. Высокая нагрузка на процессор:

   - Возможно, запущены ресурсоемкие процессы (например, игры, рендеринг видео, тяжёлые вычислительные задачи).
   - Включённые фоновые службы или программное обеспечение чрезмерно нагружают CPU.

3. Проблемы с управлением питанием:

   - Некорректные настройки плана энергопотребления могут приводить к повышенному нагреву.

4. Аппаратные неисправности:

   - Износ кулера или повреждения радиатора приводят к недостаточному отводу тепла.

Что можно предпринять:

1. Очистка системы охлаждения:

   - Откройте ноутбук и аккуратно почистите радиатор от пыли. Можно использовать сжатый воздух или специальную щеточку.

2. Замена термопасты:

   - Если паста старая или некачественно нанесённая, замена термопасты снизит температуру на 5-10 градусов.
3. Оптимизация процессов:

   - Проверьте запущенные процессы через диспетчер задач (Ctrl + Shift + Esc) и закройте ненужные программы.
   - Убедитесь, что никакие фоновое ПО не создают излишнюю нагрузку.

4. Настройка планов питания:

   - Создайте собственный сбалансированный план электропитания, ограничивая максимальную частоту CPU при низком приоритете задач.

5. Контроль температуры:

   - Периодически следите за температурой через программу мониторинга (например, HWMonitor или MSI Afterburner).

6. Проверка BIOS:

   - Загляните в BIOS и посмотрите, установлены ли опции разгона или нестандартные значения частоты.

Если температура продолжит оставаться высокой даже после очистки и замены пасты, рекомендуется отнести устройство специалистам для профессиональной диагностики.

Кроме того, учитывайте расположение ноутбука: держите его на ровной поверхности, обеспечивающей достаточный приток воздуха снизу и сбоку.

Хорошо, что у вас установлен качественный антивирус — Kaspersky. Однако высокая температура процессора не связана напрямую с наличием антивируса, так как антивирусные программы редко являются причиной сильного нагрева.

Проверка состояния системы:

Поскольку вы подтвердили высокую температуру процессора (до 90°C), перейдем к действиям, которые помогут стабилизировать ситуацию:

1. Физическая очистка ноутбука:

   - Проведите чистку системы охлаждения от пыли. Обычно достаточно снять нижнюю крышку корпуса и очистить лопасти вентилятора и решётку радиатора.

2. Замена термопасты:

   - Даже если ноутбук недавно приобретён, замена термопасты может снизить температуру на 5-10 градусов. Применяйте качественную термопасту (например, Arctic MX-4 или Thermal Grizzly Kryonaut).

3. Мониторинг нагрузки:

   - Наблюдайте за нагрузкой на процессор через диспетчер задач. Возможно, какая-то программа или служба создаёт постоянную нагрузку.

4. Коррекция плана электропитания:

   - Создайте балансированный план электропитания, снижая уровень производительности при низкой активности.

5. Повышенная температура окружающей среды:

   - Высокая температура в помещении может негативно влиять на состояние системы охлаждения. Постарайтесь держать ноутбук в прохладном месте.
6. Диагностика BIOS:

   - Посмотрите, не включены ли опции автоматического разгона или нестандартные настройки частот процессора.

7. Профессиональная проверка:

   - Если самостоятельно исправить ситуацию не удаётся, обратитесь в специализированный сервис-центр для точной диагностики и устранения дефектов.

Следуя этим рекомендациям, вы сможете существенно уменьшить вероятность возникновения чёрного экрана и повысить общую стабильность работы ноутбука.",ожидает решения,это поле необязательное
2,MVP: Домашнее хозяйство: Здоровье,Разработка функционала ведения дневника здоровья и учета лекарств,profi_way,task,0,СБ,2025-12-28,,in_progress,время старта 16:40,разработка,Реализация базового функционала
3,Создание универсального шаблона доступа к записям таблице,"Переделать шаблон вывода, разработанный для приложения common_core таким образом, чтобы он стал общим решением, пригодным для разного набора полей и фильтров. Идея такая: перенесём выбор полей и фильтров непосредственно в представление (view), а шаблон сделает всё остальное автоматически.
Цель:
Сделать вывод полей и фильтров универсальным.
Чтобы таблица и фильтры могли меняться динамически, без правок шаблона.",profi_way,task,1,СБ,2025-12-27,,in_progress,"Основные моменты:

1. Динамические фильтры: Вместо жёстких полей ""Приложение"" и ""Статус"" сделаем обработку фильтров общими списками.

2. Автоматическое формирование заголовков таблицы: Будем формировать заголовки динамически исходя из переданных данных.

3. Отображение полей: Сделаем так, чтобы выводимая таблица автоматически выбирала необходимые поля.","Подробности реализации:
общий шаблон: general_list.html
Фильтры (filters):
Фильтры формируются динамически в представлении (view). В шаблон передается список кортежей вида (поле, метка, опции выбора):

filters = [
    ('appsname', 'Приложение', apps_choices),
    ('status', 'Статус', status_choices)
]
Заголовки таблицы (headers):
Аналогично, формируется список заголовков с указанием названия поля и метки для показа пользователю:

headers = [
    {'field': 'shortquery', 'label': 'Формулировка'},
    {'field': 'appsname', 'label': 'Приложение'},
    {'field': 'querykind', 'label': 'Тип'},
    {'field': 'asktime', 'label': 'Время'},
    {'field': 'status', 'label': 'Статус'}
]
Использование getattr:
Благодаря этому мы можем получать значение любого поля объекта динамически:

{{ item|getattr:header.field }}

Итог:
Мы получили универсальный шаблон, который можно применить практически ко всем страницам с перечнем вопросов/задач. Всё, что нужно — правильно подготовить списки фильтров и заголовков в представлении (view).

Таким образом, теперь не придётся переписывать код шаблона при изменении полей или фильтров. Достаточно обновить представления и сохранить целостность архитектуры проекта.

Как это улучшит проект:
Мы выносим всю общедоступную логику CRUD в отдельные функции, уменьшая количество дублирующегося кода.
Каждая конкретная вьюшка приложения становится предельно лаконичной и прозрачной.
Поддерживая изменение фильтрационных полей и заголовков отдельно в каждой вьюшке, мы сохраняем высокую степень кастомизации для каждого приложения.
Таким образом, проект станет легче поддерживать и расширять, ведь внесение изменений будет происходить централизованно, а каждое приложение останется простым и читаемым.",время старта 17:10
